CREATE TABLE test.v1 (a int, b int);
INSERT INTO test.v1 VALUES (1, 100), (2, 200), (3, 300);
CREATE TABLE test.t1 (a int, b int);
INSERT INTO test.t1 VALUES (1, 100), (2, 200), (3, 300);
TRUNCATE TABLE performance_schema.events_statements_summary_by_digest;
EXPLAIN SELECT * from test.v1;
id	select_type	table	partitions	type	possible_keys	key	key_len	ref	rows	filtered	Extra
1	SIMPLE	v1	NULL	ALL	NULL	NULL	NULL	NULL	3	100.00	NULL
Warnings:
Note	1003	/* select#1 */ select `test`.`v1`.`a` AS `a`,`test`.`v1`.`b` AS `b` from `test`.`v1`
EXPLAIN SELECT * from test.v1 where a = 1;
id	select_type	table	partitions	type	possible_keys	key	key_len	ref	rows	filtered	Extra
1	SIMPLE	v1	NULL	ALL	NULL	NULL	NULL	NULL	3	33.33	Using where
Warnings:
Note	1003	/* select#1 */ select `test`.`v1`.`a` AS `a`,`test`.`v1`.`b` AS `b` from `test`.`v1` where (`test`.`v1`.`a` = 1)
EXPLAIN SELECT * from test.v1 where b > 100;
id	select_type	table	partitions	type	possible_keys	key	key_len	ref	rows	filtered	Extra
1	SIMPLE	v1	NULL	ALL	NULL	NULL	NULL	NULL	3	33.33	Using where
Warnings:
Note	1003	/* select#1 */ select `test`.`v1`.`a` AS `a`,`test`.`v1`.`b` AS `b` from `test`.`v1` where (`test`.`v1`.`b` > 100)
EXPLAIN SELECT a, b from test.v1;
id	select_type	table	partitions	type	possible_keys	key	key_len	ref	rows	filtered	Extra
1	SIMPLE	v1	NULL	ALL	NULL	NULL	NULL	NULL	3	100.00	NULL
Warnings:
Note	1003	/* select#1 */ select `test`.`v1`.`a` AS `a`,`test`.`v1`.`b` AS `b` from `test`.`v1`
EXPLAIN SELECT b, a from test.v1;
id	select_type	table	partitions	type	possible_keys	key	key_len	ref	rows	filtered	Extra
1	SIMPLE	v1	NULL	ALL	NULL	NULL	NULL	NULL	3	100.00	NULL
Warnings:
Note	1003	/* select#1 */ select `test`.`v1`.`b` AS `b`,`test`.`v1`.`a` AS `a` from `test`.`v1`
SELECT * from test.v1;
a	b
1	100
2	200
3	300
SELECT * from test.v1 where a = 1;
a	b
1	100
SELECT * from test.v1 where b > 100;
a	b
2	200
3	300
SELECT a, b from test.v1;
a	b
1	100
2	200
3	300
SELECT b, a from test.v1;
b	a
100	1
200	2
300	3
#
# DIGESTS SEEN ON TABLE
#
SELECT SCHEMA_NAME, DIGEST, DIGEST_TEXT, COUNT_STAR
FROM performance_schema.events_statements_summary_by_digest
ORDER BY DIGEST_TEXT;
SCHEMA_NAME	DIGEST	DIGEST_TEXT	COUNT_STAR
test	abb5fa70439531e49e108b689a11fbbf	EXPLAIN SELECT * FROM `test` . `v1` 	1
test	0e9c761e6e6ad35d73738d792afffc26	EXPLAIN SELECT * FROM `test` . `v1` WHERE `a` = ? 	1
test	09df35f7576ef4179a3e735bb386f871	EXPLAIN SELECT * FROM `test` . `v1` WHERE `b` > ? 	1
test	250e8ab4c825bcb01fde150151e24e9c	EXPLAIN SELECT `a` , `b` FROM `test` . `v1` 	1
test	cba4fcf3afac7a920cbd88651de0e3bf	EXPLAIN SELECT `b` , `a` FROM `test` . `v1` 	1
test	80c729d7ea795cc1a5b78a275ecf4866	SELECT * FROM `test` . `v1` 	1
test	1845ffec68b17085a232f9bae1920635	SELECT * FROM `test` . `v1` WHERE `a` = ? 	1
test	1cbd17e5a67bfee56fb08f56c7840f37	SELECT * FROM `test` . `v1` WHERE `b` > ? 	1
test	385f318edbfa5858e44812c9c3530b91	SELECT `a` , `b` FROM `test` . `v1` 	1
test	75df0d518cecfc2060ed51d1f272d172	SELECT `b` , `a` FROM `test` . `v1` 	1
test	ecffd7b240fe37c38f36949804d0a9bd	SHOW WARNINGS 	5
test	7d7f6351a9240688565b3dfc262eb724	TRUNCATE TABLE `performance_schema` . `events_statements_summary_by_digest` 	1
DROP TABLE test.v1;
CREATE VIEW test.v1 AS SELECT * FROM test.t1;
EXPLAIN SELECT * from test.v1;
id	select_type	table	partitions	type	possible_keys	key	key_len	ref	rows	filtered	Extra
1	SIMPLE	t1	NULL	ALL	NULL	NULL	NULL	NULL	3	100.00	NULL
Warnings:
Note	1003	/* select#1 */ select `test`.`t1`.`a` AS `a`,`test`.`t1`.`b` AS `b` from `test`.`t1`
EXPLAIN SELECT * from test.v1 where a = 1;
id	select_type	table	partitions	type	possible_keys	key	key_len	ref	rows	filtered	Extra
1	SIMPLE	t1	NULL	ALL	NULL	NULL	NULL	NULL	3	33.33	Using where
Warnings:
Note	1003	/* select#1 */ select `test`.`t1`.`a` AS `a`,`test`.`t1`.`b` AS `b` from `test`.`t1` where (`test`.`t1`.`a` = 1)
EXPLAIN SELECT * from test.v1 where b > 100;
id	select_type	table	partitions	type	possible_keys	key	key_len	ref	rows	filtered	Extra
1	SIMPLE	t1	NULL	ALL	NULL	NULL	NULL	NULL	3	33.33	Using where
Warnings:
Note	1003	/* select#1 */ select `test`.`t1`.`a` AS `a`,`test`.`t1`.`b` AS `b` from `test`.`t1` where (`test`.`t1`.`b` > 100)
EXPLAIN SELECT a, b from test.v1;
id	select_type	table	partitions	type	possible_keys	key	key_len	ref	rows	filtered	Extra
1	SIMPLE	t1	NULL	ALL	NULL	NULL	NULL	NULL	3	100.00	NULL
Warnings:
Note	1003	/* select#1 */ select `test`.`t1`.`a` AS `a`,`test`.`t1`.`b` AS `b` from `test`.`t1`
EXPLAIN SELECT b, a from test.v1;
id	select_type	table	partitions	type	possible_keys	key	key_len	ref	rows	filtered	Extra
1	SIMPLE	t1	NULL	ALL	NULL	NULL	NULL	NULL	3	100.00	NULL
Warnings:
Note	1003	/* select#1 */ select `test`.`t1`.`b` AS `b`,`test`.`t1`.`a` AS `a` from `test`.`t1`
SELECT * from test.v1;
a	b
1	100
2	200
3	300
SELECT * from test.v1 where a = 1;
a	b
1	100
SELECT * from test.v1 where b > 100;
a	b
2	200
3	300
SELECT a, b from test.v1;
a	b
1	100
2	200
3	300
SELECT b, a from test.v1;
b	a
100	1
200	2
300	3
#
# DIGESTS SEEN ON VIEW
#
SELECT SCHEMA_NAME, DIGEST, DIGEST_TEXT, COUNT_STAR
FROM performance_schema.events_statements_summary_by_digest
ORDER BY DIGEST_TEXT;
SCHEMA_NAME	DIGEST	DIGEST_TEXT	COUNT_STAR
test	f61bbab3925c225e4270f9791638a6b6	CREATE VIEW `test` . `v1` AS SELECT * FROM `test` . `t1` 	1
test	e3d21b00135f843d43dd39b8428ddaae	DROP TABLE `test` . `v1` 	1
test	abb5fa70439531e49e108b689a11fbbf	EXPLAIN SELECT * FROM `test` . `v1` 	2
test	0e9c761e6e6ad35d73738d792afffc26	EXPLAIN SELECT * FROM `test` . `v1` WHERE `a` = ? 	2
test	09df35f7576ef4179a3e735bb386f871	EXPLAIN SELECT * FROM `test` . `v1` WHERE `b` > ? 	2
test	250e8ab4c825bcb01fde150151e24e9c	EXPLAIN SELECT `a` , `b` FROM `test` . `v1` 	2
test	cba4fcf3afac7a920cbd88651de0e3bf	EXPLAIN SELECT `b` , `a` FROM `test` . `v1` 	2
test	80c729d7ea795cc1a5b78a275ecf4866	SELECT * FROM `test` . `v1` 	2
test	1845ffec68b17085a232f9bae1920635	SELECT * FROM `test` . `v1` WHERE `a` = ? 	2
test	1cbd17e5a67bfee56fb08f56c7840f37	SELECT * FROM `test` . `v1` WHERE `b` > ? 	2
test	661d0ff35705958cb5012286d9e0ab65	SELECT SCHEMA_NAME , `DIGEST` , `DIGEST_TEXT` , `COUNT_STAR` FROM `performance_schema` . `events_statements_summary_by_digest` ORDER BY `DIGEST_TEXT` 	1
test	385f318edbfa5858e44812c9c3530b91	SELECT `a` , `b` FROM `test` . `v1` 	2
test	75df0d518cecfc2060ed51d1f272d172	SELECT `b` , `a` FROM `test` . `v1` 	2
test	ecffd7b240fe37c38f36949804d0a9bd	SHOW WARNINGS 	10
test	7d7f6351a9240688565b3dfc262eb724	TRUNCATE TABLE `performance_schema` . `events_statements_summary_by_digest` 	1
DROP VIEW test.v1;
DROP TABLE test.t1;
