####################################
# SETUP
####################################
CREATE DATABASE statements_digest;
USE statements_digest;
CREATE TABLE t1(a int);
CREATE TABLE t2(a int);
CREATE TABLE t3(a int, b int);
CREATE TABLE t4(a int, b int);
CREATE TABLE t5(a int, b int, c int);
CREATE TABLE t6(a int, b int, c int, d int);
CREATE TABLE t11 (c CHAR(4));
CREATE TABLE t12 (c CHAR(4));
SELECT * FROM performance_schema.setup_consumers;
NAME	ENABLED
events_stages_current	YES
events_stages_history	YES
events_stages_history_long	YES
events_statements_current	NO
events_statements_history	YES
events_statements_history_long	YES
events_transactions_current	YES
events_transactions_history	YES
events_transactions_history_long	YES
events_waits_current	YES
events_waits_history	YES
events_waits_history_long	YES
global_instrumentation	YES
thread_instrumentation	YES
statements_digest	YES
TRUNCATE TABLE performance_schema.events_statements_summary_by_digest;
####################################
# EXECUTION
####################################
SELECT 1 FROM t1;
1
SELECT 1 FROM `t1`;
1
SELECT 1,2 FROM t1;
1	2
SELECT 1, 2, 3, 4 FROM t1;
1	2	3	4
SELECT 1 FROM t2;
1
SELECT 1,2 FROM t2;
1	2
SELECT 1, 2, 3, 4 FROM t2;
1	2	3	4
INSERT INTO t1 VALUES (1);
INSERT INTO t2 VALUES (1);
INSERT INTO t3 VALUES (1, 2);
INSERT INTO t4 VALUES (1, 2);
INSERT INTO t5 VALUES (1, 2, 3);
INSERT INTO t1 VALUES (1), (2), (3);
INSERT INTO t1 VALUES (1), (2), (3), (4);
INSERT INTO t3 VALUES (1, 2), (3, 4), (5, 6);
INSERT INTO t5 VALUES (1, 2, 3), (4, 5, 6), (7, 8, 9);
INSERT INTO t1 VALUES (NULL);
INSERT INTO t3 VALUES (NULL,NULL);
INSERT INTO t3 VALUES (1,NULL);
INSERT INTO t3 VALUES (NULL,1);
INSERT INTO t6 VALUES (NULL, NULL, NULL, NULL);
INSERT INTO t6 VALUES (1, NULL, NULL, NULL);
INSERT INTO t6 VALUES (NULL, 2, NULL, NULL);
INSERT INTO t6 VALUES (1, 2, 3, NULL);
INSERT INTO t6 VALUES (1, 2, NULL, 4);
SELECT                                          1           +        1;
1           +        1
2
SELECT 1;
1
1
SELECT 1 /* This is an inline comment */ + 1;
1 /* This is an inline comment */ + 1
2
SELECT 1+
/*
this is a
multiple-line comment
*/
1;
1+
/*
this is a
multiple-line comment
*/
1
2
CREATE SCHEMA statements_digest_temp;
DROP SCHEMA statements_digest_temp;
CREATE DATABASE statements_digest_temp;
DROP DATABASE statements_digest_temp;
SELECT 1 FROM no_such_table;
ERROR 42S02: Table 'statements_digest.no_such_table' doesn't exist
CREATE TABLE dup_table (c char(4));
CREATE TABLE dup_table (c char(4));
ERROR 42S01: Table 'dup_table' already exists
DROP TABLE dup_table;
INSERT IGNORE INTO t11 VALUES("MySQL");
Warnings:
Warning	1265	Data truncated for column 'c' at row 1
PREPARE stmt FROM "SELECT * FROM t12";
EXECUTE stmt;
c
EXECUTE stmt;
c
DEALLOCATE PREPARE stmt;
CREATE PROCEDURE p1() BEGIN SELECT * FROM t12; END//
CALL p1();
c
CALL p1();
c
DROP PROCEDURE p1;
CREATE FUNCTION `func`(a INT, b INT) RETURNS int(11) RETURN a+b //
select func(3,4);
func(3,4)
7
select func(13,42);
func(13,42)
55
DROP FUNCTION func;
CREATE TRIGGER trg BEFORE INSERT ON t12 FOR EACH ROW SET @a:=1;
INSERT INTO t12 VALUES ("abc");
INSERT INTO t12 VALUES ("def");
DROP TRIGGER trg;
####################################
# QUERYING PS STATEMENT DIGEST
####################################
SELECT schema_name, digest, digest_text, count_star FROM performance_schema.events_statements_summary_by_digest;
schema_name	digest	digest_text	count_star
statements_digest	7d7f6351a9240688565b3dfc262eb724	TRUNCATE TABLE `performance_schema` . `events_statements_summary_by_digest` 	1
statements_digest	7e736663c7e6f7c2122e450329650679	SELECT ? FROM `t1` 	2
statements_digest	edca841268eb43a1ea051aa4737816a5	SELECT ?, ... FROM `t1` 	2
statements_digest	3bda6a103424f5e7ea9631767e400eee	SELECT ? FROM `t2` 	1
statements_digest	9c7cded0f832ba7d6afc6568f2c5dd8c	SELECT ?, ... FROM `t2` 	2
statements_digest	335997d3f7e46f98ae5ae1c6ac926a72	INSERT INTO `t1` VALUES (?) 	2
statements_digest	e9cd6b93c19b7a01626f4c6a104d8cf4	INSERT INTO `t2` VALUES (?) 	1
statements_digest	f19435194a6da77f758e744688bee25e	INSERT INTO `t3` VALUES (...) 	4
statements_digest	4d12f9d1bdff8d5a728f24d8563abde7	INSERT INTO `t4` VALUES (...) 	1
statements_digest	bb40556d2f2f36948634f1d35ee8362b	INSERT INTO `t5` VALUES (...) 	1
statements_digest	e85095faa7dd922c89a8c07948a575bd	INSERT INTO `t1` VALUES (?) /* , ... */ 	2
statements_digest	2da724d1e65e5fea7b600461b57500ca	INSERT INTO `t3` VALUES (...) /* , ... */ 	1
statements_digest	4a3e6a4f46655e9b2b4f58232215be01	INSERT INTO `t5` VALUES (...) /* , ... */ 	1
statements_digest	ac15e51057a0ae54a5b67a03092df1e5	INSERT INTO `t6` VALUES (...) 	5
statements_digest	a02910e81a481ded6aa94c5d1741ef3a	SELECT ? + ? 	3
statements_digest	26dc86c5a23606e33aeb8eb563f9513f	SELECT ? 	1
statements_digest	751600dc2fd6362e59cbaebd7bd5246a	CREATE SCHEMA `statements_digest_temp` 	2
statements_digest	35a124de74cf60c8213405c00947fb3a	DROP SCHEMA `statements_digest_temp` 	2
statements_digest	7089e7682084505527462626cb0c519d	SELECT ? FROM `no_such_table` 	1
statements_digest	68075718e3bf936abad378b5d675026b	CREATE TABLE `dup_table` ( `c` CHARACTER (?) ) 	2
statements_digest	d5934444408f39894a5e7c76f0ce3b8a	DROP TABLE `dup_table` 	1
statements_digest	857c618123cc348b057c310444d717db	INSERT IGNORE INTO `t11` VALUES (?) 	1
statements_digest	ecffd7b240fe37c38f36949804d0a9bd	SHOW WARNINGS 	1
statements_digest	90a693040e3558ad531e47bc142d7cb0	PREPARE `stmt` FROM ? 	1
statements_digest	0887c2df36356922bd53be891f00205d	EXECUTE `stmt` 	2
statements_digest	3610cf0c7bdd554711d7eaa7d48683a3	DEALLOCATE PREPARE `stmt` 	1
statements_digest	c047d82b1d93651f6232e5c22789cc53	CREATE PROCEDURE `p1` ( ) BEGIN SELECT * FROM `t12` ; END 	1
statements_digest	ab8cba593d9d7039ca855403620af5fa	CALL `p1` ( ) 	2
statements_digest	43ac17a9130ec8221c252a240af79cea	DROP PROCEDURE `p1` 	1
statements_digest	ce03f042582643dbe452e122407dbd40	CREATE FUNCTION `func` ( `a` INTEGER , `b` INTEGER ) RETURNS INTEGER (?) RETURN `a` + `b` 	1
statements_digest	bfdcf44c6fa548a464083aebbf9957bb	SELECT `func` (...) 	2
statements_digest	bc2f53b1169b8f9b59be5178c1e3668f	DROP FUNCTION `func` 	1
statements_digest	70294c5342e1377fc6efcb4f71af7cd4	CREATE TRIGGER `trg` BEFORE INSERT ON `t12` FOR EACH ROW SET @? := ? 	1
statements_digest	8357b7ae9607f0cbba4ecd10050446e2	INSERT INTO `t12` VALUES (?) 	2
statements_digest	1194ba311b10d7bf60690d371b113a17	DROP TRIGGER `trg` 	1
SELECT digest, digest_text FROM performance_schema.events_statements_current;
digest	digest_text
####################################
# CLEANUP
####################################
DROP TABLE IF EXISTS t1;
DROP TABLE IF EXISTS t2;
DROP TABLE IF EXISTS t3;
DROP TABLE IF EXISTS t4;
DROP TABLE IF EXISTS t5;
DROP TABLE IF EXISTS t6;
DROP TABLE IF EXISTS t11;
DROP TABLE IF EXISTS t12;
DROP DATABASE IF EXISTS statements_digest;
