#
# Test of function
#
# ----------------------------------------------------------------------
# CAST function.
# ----------------------------------------------------------------------
DROP DATABASE IF EXISTS cast_json_func_test;
CREATE DATABASE cast_json_func_test;
use cast_json_func_test;
CREATE TABLE t1 (d1 DOUBLE, d2 DOUBLE NOT NULL);
INSERT INTO t1 VALUES (9.2233720368547758e+18, 9.2233720368547758e+18);
INSERT INTO t1 VALUES (18446744073709551614,18446744073709551614);
SELECT d1, CAST(d1 AS SIGNED), CAST(d2 AS SIGNED) FROM t1;
d1	CAST(d1 AS SIGNED)	CAST(d2 AS SIGNED)
9.223372036854776e18	9223372036854775807	9223372036854775807
1.8446744073709552e19	9223372036854775807	9223372036854775807
DROP TABLE t1;
# ----------------------------------------------------------------------
# JSON_ARRAY function.
# ----------------------------------------------------------------------
CREATE TABLE t2(a text);
INSERT INTO t2 VALUES('1');
DROP TABLE t2;
# ----------------------------------------------------------------------
# JSON_CONTAINS function.
# ----------------------------------------------------------------------
CREATE TABLE t3(j LONGTEXT, v LONGTEXT);
INSERT INTO
t3
VALUES
('"you"', '"you"'),
('"youth"', '"you"'),
('[1]', '1'),
('[2, 1]', '1'),
('[2, [2, 3], 1]', '1'),
('[4, [2, 3], 1]', '2'),
('[2, 1]', '[1, 2]'),
('[2, 1]', '[1, 0, 2]'),
('[2, 0, 3, 1]', '[1, 2]'),
('{"b":[1,2], "a":1}', '{"a":1, "b":2}'),
('{"a":1}', '{}'),
('[1, {"a":1}]', '{}'),
('[1, {"a":1}]', '{"a":1}'),
('[{"abc":"def", "def":"abc"}]', '["foo","bar"]'),
(
'[{"abc":"def", "def":"abc"}, "bar"]',
'["bar", {}]'
    ),
('[{"a":"b"},{"c":"d"}]', '{"c":"d"}');
SELECT
j AS json,
v AS value,
JSON_CONTAINS(j, v) AS result
FROM
t3;
json	value	result
"you"	"you"	1
"youth"	"you"	0
[1]	1	1
[2, 1]	1	1
[2, [2, 3], 1]	1	1
[4, [2, 3], 1]	2	1
[2, 1]	[1, 2]	1
[2, 1]	[1, 0, 2]	0
[2, 0, 3, 1]	[1, 2]	1
{"b":[1,2], "a":1}	{"a":1, "b":2}	1
{"a":1}	{}	1
[1, {"a":1}]	{}	1
[1, {"a":1}]	{"a":1}	1
[{"abc":"def", "def":"abc"}]	["foo","bar"]	0
[{"abc":"def", "def":"abc"}, "bar"]	["bar", {}]	1
[{"a":"b"},{"c":"d"}]	{"c":"d"}	1
drop table t3;
DROP DATABASE cast_json_func_test;
