#
# Test COALESCE and ASCII function
#
DROP DATABASE IF EXISTS coalesce_ascii_func_test;
CREATE DATABASE coalesce_ascii_func_test;
USE coalesce_ascii_func_test;
CREATE TABLE t1 (a CHAR(1), b INT, c DATETIME, d DOUBLE);
INSERT INTO t1 VALUES ('', NULL, '1211-11-11', NULL),('a', 12, '1212-12-12', 1.19691E+100),('b', 13, '1313-3-13 13:13:13', 2.1961E+18),('c', 14, '1414-4-14', 0.16191),('d', 15, '2015-5-15 15:15:15', 1.971917);
SHOW CREATE TABLE t1;
Table	Create Table
t1	CREATE TABLE `t1` (
  `a` char(1) DEFAULT NULL,
  `b` int(11) DEFAULT NULL,
  `c` datetime DEFAULT NULL,
  `d` double DEFAULT NULL
) ENGINE=TIANMU DEFAULT CHARSET=latin1
SELECT COALESCE(NULL, NULL, NULL, 'stonedb', NULL, 'stonedbtianmu');
COALESCE(NULL, NULL, NULL, 'stonedb', NULL, 'stonedbtianmu')
stonedb
SELECT COALESCE(NULL, 1, 2, 'stonedbtianmu');
COALESCE(NULL, 1, 2, 'stonedbtianmu')
1
SELECT a, COALESCE(a, 'na') FROM t1;
a	COALESCE(a, 'na')
	
a	a
b	b
c	c
d	d
SELECT b, COALESCE(b, 'null value') FROM t1;
b	COALESCE(b, 'null value')
NULL	null value
12	12
13	13
14	14
15	15
SELECT d, COALESCE(d, 'null value') FROM t1;
d	COALESCE(d, 'null value')
NULL	null value
1.19691e100	1.19691e100
2.1961e18	2.1961e18
0.16191	0.16191
1.971917	1.971917
CREATE TABLE t2 (a CHAR(1), b INT);
INSERT INTO t2 VALUES ('', NULL), ('m', 6), ('N', 5), ('o', 4);
SHOW CREATE TABLE t2;
Table	Create Table
t2	CREATE TABLE `t2` (
  `a` char(1) DEFAULT NULL,
  `b` int(11) DEFAULT NULL
) ENGINE=TIANMU DEFAULT CHARSET=latin1
SELECT ASCII(0);
ASCII(0)
48
SELECT ASCII(1);
ASCII(1)
49
SELECT ASCII(9);
ASCII(9)
57
SELECT ASCII('abc');
ASCII('abc')
97
SELECT ASCII('a');
ASCII('a')
97
SELECT ASCII('A');
ASCII('A')
65
SELECT ASCII('z');
ASCII('z')
122
SELECT ASCII('~');
ASCII('~')
126
SELECT ASCII('-');
ASCII('-')
45
SELECT a, ASCII(a) FROM t2;
a	ASCII(a)
	0
m	109
N	78
o	111
SELECT b, ASCII(b) FROM t2;
b	ASCII(b)
NULL	NULL
6	54
5	53
4	52
DROP DATABASE coalesce_ascii_func_test;
