#
# Test DATE function
# Author: syw
#
DROP DATABASE IF EXISTS mcs183_db;
CREATE DATABASE mcs183_db;
USE mcs183_db;
CREATE TABLE t1 (a DATE, b DATETIME)engine=tianmu;
INSERT INTO t1 VALUES ('1990-01-01', '1990-01-01 0:0:0'), ('1212-12-12', '1111-11-11 11:11:11'), ('3333-03-03', '3333-3-3 3:33:33');
SHOW CREATE TABLE t1;
Table	Create Table
t1	CREATE TABLE `t1` (
  `a` date DEFAULT NULL,
  `b` datetime DEFAULT NULL
) ENGINE=TIANMU DEFAULT CHARSET=latin1
SELECT DATE('1212-12-12 11:11:11');
DATE('1212-12-12 11:11:11')
1212-12-12
SELECT DATE('2020-12-22');
DATE('2020-12-22')
2020-12-22
SELECT a, DATE(a) FROM t1 ORDER BY 1;
a	DATE(a)
1212-12-12	1212-12-12
1990-01-01	1990-01-01
3333-03-03	3333-03-03
SELECT b, DATE(b) FROM t1 ORDER BY 1;
b	DATE(b)
1111-11-11 11:11:11	1111-11-11
1990-01-01 00:00:00	1990-01-01
3333-03-03 03:33:33	3333-03-03
DROP DATABASE mcs183_db;
