#
# Test column length with different charsets (1)
#
drop database if exists different_charsets_a_test;
set character_set_client = utf8;
set character_set_connection = utf8;
set character_set_database = utf8mb4;
set character_set_results = utf8;
set character_set_server  = utf8mb4;
create database different_charsets_a_test;
use different_charsets_a_test;
drop table if exists st1;
drop table if exists st2;
drop table if exists st3;
drop table if exists i1;
drop table if exists i2;
create table st1 (a varchar(1) NOT NULL, b datetime NOT NULL,
c varchar(10) NOT NULL, d datetime NOT NULL,
e varchar(240) NOT NULL, f datetime NOT NULL,
g varchar(2000) NOT NULL, h datetime NOT NULL
);
create table st2 (a varchar(1), b datetime NOT NULL,
c varchar(10), d datetime NOT NULL,
e varchar(240), f datetime NOT NULL,
g varchar(2000), h datetime NOT NULL
);
create table i1 (a varchar(1) NOT NULL, b datetime NOT NULL,
c varchar(10) NOT NULL, d datetime NOT NULL,
e varchar(240) NOT NULL, f datetime NOT NULL,
g varchar(2000) NOT NULL, h datetime NOT NULL
);
create table i2 (a varchar(1), b datetime NOT NULL,
c varchar(10), d datetime NOT NULL,
e varchar(240), f datetime NOT NULL,
g varchar(2000), h datetime NOT NULL
);
insert into i1 values ('a', '2020-10-25 01:02:03',
'bcd', '2020-10-25 01:02:04',
'cde', '2020-10-25 01:02:05',
'def', '2020-10-25 01:02:06'
                      );
insert into i2(b, d, f, h) values ('2020-10-25 01:02:03',
'2020-10-25 01:02:04',
'2020-10-25 01:02:05',
'2020-10-25 01:02:06'
                                  );
insert into st1 select * from i1;
insert into st2 select * from i2;
select * from st1;
a	b	c	d	e	f	g	h
a	2020-10-25 01:02:03	bcd	2020-10-25 01:02:04	cde	2020-10-25 01:02:05	def	2020-10-25 01:02:06
select * from st2;
a	b	c	d	e	f	g	h
NULL	2020-10-25 01:02:03	NULL	2020-10-25 01:02:04	NULL	2020-10-25 01:02:05	NULL	2020-10-25 01:02:06
create table st3 like st1;
insert into st3 values ('1', '2020-10-25 01:02:04',
'1234567890', '2020-10-25 01:02:05',
'abc', '2020-10-25 01:02:06',
'cde', '2020-10-25 01:02:07');
insert into st3 values ('12', '2020-10-25 01:02:05',
'1234567890', '2020-10-25 01:02:06',
'abc', '2020-10-25 01:02:07',
'cde', '2020-10-25 01:02:08');
ERROR 22001: Data too long for column 'a' at row 1
insert ignore into st3 values ('12', '2020-10-25 01:02:06',
'1234567890', '2020-10-25 01:02:07',
'abc', '2020-10-25 01:02:08',
'cde', '2020-10-25 01:02:09');
insert into st3 values (_utf8mb4 0xE1B482, '2020-10-25 01:02:07',
'1234567890', '2020-10-25 01:02:08',
'abc', '2020-10-25 01:02:09',
'cde', '2020-10-25 01:02:10');
select * from st3;
a	b	c	d	e	f	g	h
1	2020-10-25 01:02:04	1234567890	2020-10-25 01:02:05	abc	2020-10-25 01:02:06	cde	2020-10-25 01:02:07
1	2020-10-25 01:02:06	1234567890	2020-10-25 01:02:07	abc	2020-10-25 01:02:08	cde	2020-10-25 01:02:09
ᴂ	2020-10-25 01:02:07	1234567890	2020-10-25 01:02:08	abc	2020-10-25 01:02:09	cde	2020-10-25 01:02:10
select column_name, data_type, character_maximum_length, character_octet_length from information_schema.columns where table_schema='different_charsets_a_test' and table_name='st3';
column_name	data_type	character_maximum_length	character_octet_length
a	varchar	1	4
b	datetime	NULL	NULL
c	varchar	10	40
d	datetime	NULL	NULL
e	varchar	240	960
f	datetime	NULL	NULL
g	varchar	2000	8000
h	datetime	NULL	NULL
drop table if exists st1;
drop table if exists st2;
drop table if exists st3;
drop table if exists i1;
drop table if exists i2;
create table st1 (a varchar(1) CHARACTER SET utf8 NOT NULL, b datetime NOT NULL,
c varchar(10) CHARACTER SET utf8mb4 NOT NULL, d datetime NOT NULL,
e varchar(240) CHARACTER SET utf8 NOT NULL, f datetime NOT NULL,
g varchar(2000) CHARACTER SET utf8mb4 NOT NULL, h datetime NOT NULL
);
create table st2 (a varchar(1) CHARACTER SET utf8, b datetime NOT NULL,
c varchar(10) CHARACTER SET utf8mb4, d datetime NOT NULL,
e varchar(240) CHARACTER SET utf8, f datetime NOT NULL,
g varchar(2000) CHARACTER SET utf8mb4, h datetime NOT NULL
);
create table i1 (a varchar(1) CHARACTER SET utf8 NOT NULL, b datetime NOT NULL,
c varchar(10) CHARACTER SET utf8mb4 NOT NULL, d datetime NOT NULL,
e varchar(240) CHARACTER SET utf8 NOT NULL, f datetime NOT NULL,
g varchar(2000) CHARACTER SET utf8mb4 NOT NULL, h datetime NOT NULL
);
create table i2 (a varchar(1) CHARACTER SET utf8, b datetime NOT NULL,
c varchar(10) CHARACTER SET utf8mb4, d datetime NOT NULL,
e varchar(240) CHARACTER SET utf8, f datetime NOT NULL,
g varchar(2000) CHARACTER SET utf8mb4, h datetime NOT NULL
);
insert into i1 values ('a', '2020-10-25 01:02:03',
'bcd', '2020-10-25 01:02:04',
'cde', '2020-10-25 01:02:05',
'def', '2020-10-25 01:02:06'
                      );
insert into i2(b, d, f, h) values ('2020-10-25 01:02:03',
'2020-10-25 01:02:04',
'2020-10-25 01:02:05',
'2020-10-25 01:02:06'
                                  );
insert into st1 select * from i1;
insert into st2 select * from i2;
select * from st1;
a	b	c	d	e	f	g	h
a	2020-10-25 01:02:03	bcd	2020-10-25 01:02:04	cde	2020-10-25 01:02:05	def	2020-10-25 01:02:06
select * from st2;
a	b	c	d	e	f	g	h
NULL	2020-10-25 01:02:03	NULL	2020-10-25 01:02:04	NULL	2020-10-25 01:02:05	NULL	2020-10-25 01:02:06
create table st3 like st1;
insert into st3 values ('1', '2020-10-25 01:02:04',
_utf8mb4 0xc2b9c2b2c2b3e281b4e281b5e281b6e281b7e281b8e281b9e281b0, '2020-10-25 01:02:05',
'abc', '2020-10-25 01:02:06',
'cde', '2020-10-25 01:02:07');
insert into st3 values ('1', '2020-10-25 01:02:05',
_utf8mb4 0xc2b9c2b2c2b3e281b4e281b5e281b6e281b7e281b8e281b9e281b0c2b9, '2020-10-25 01:02:06',
'abc', '2020-10-25 01:02:07',
'cde', '2020-10-25 01:02:08');
ERROR 22001: Data too long for column 'c' at row 1
insert ignore into st3 values ('12', '2020-10-25 01:02:06',
_utf8mb4 0xc2b9c2b2c2b3e281b4e281b5e281b6e281b7e281b8e281b9e281b0c2b9, '2020-10-25 01:02:07',
'abc', '2020-10-25 01:02:08',
'cde', '2020-10-25 01:02:09');
insert into st3 values (_utf8mb4 0xF09F988E, '2020-10-25 01:02:07',
'1234567890', '2020-10-25 01:02:08',
'abc', '2020-10-25 01:02:09',
'cde', '2020-10-25 01:02:10');
ERROR HY000: Incorrect string value: '\xF0\x9F\x98\x8E' for column 'a' at row 1
select * from st3;
a	b	c	d	e	f	g	h
1	2020-10-25 01:02:04	¹²³⁴⁵⁶⁷⁸⁹⁰	2020-10-25 01:02:05	abc	2020-10-25 01:02:06	cde	2020-10-25 01:02:07
1	2020-10-25 01:02:06	¹²³⁴⁵⁶⁷⁸⁹⁰	2020-10-25 01:02:07	abc	2020-10-25 01:02:08	cde	2020-10-25 01:02:09
select column_name, data_type, character_maximum_length, character_octet_length from information_schema.columns where table_schema='different_charsets_a_test' and table_name='st3';
column_name	data_type	character_maximum_length	character_octet_length
a	varchar	1	3
b	datetime	NULL	NULL
c	varchar	10	40
d	datetime	NULL	NULL
e	varchar	240	720
f	datetime	NULL	NULL
g	varchar	2000	8000
h	datetime	NULL	NULL
drop table if exists st1;
drop table if exists st2;
drop table if exists st3;
drop table if exists i1;
drop table if exists i2;
create table st1 (a varchar(1) NOT NULL, b datetime NOT NULL,
c varchar(10) NOT NULL, d datetime NOT NULL,
e varchar(240) NOT NULL, f datetime NOT NULL,
g varchar(2000) NOT NULL, h datetime NOT NULL
) default character set utf8;
create table st2 (a varchar(1), b datetime NOT NULL,
c varchar(10), d datetime NOT NULL,
e varchar(240), f datetime NOT NULL,
g varchar(2000), h datetime NOT NULL
) default character set utf8;
create table i1 (a varchar(1) NOT NULL, b datetime NOT NULL,
c varchar(10) NOT NULL, d datetime NOT NULL,
e varchar(240) NOT NULL, f datetime NOT NULL,
g varchar(2000) NOT NULL, h datetime NOT NULL
) default character set utf8;
create table i2 (a varchar(1), b datetime NOT NULL,
c varchar(10), d datetime NOT NULL,
e varchar(240), f datetime NOT NULL,
g varchar(2000), h datetime NOT NULL
) default character set utf8;
insert into i1 values ('a', '2020-10-25 01:02:03',
'bcd', '2020-10-25 01:02:04',
'cde', '2020-10-25 01:02:05',
'def', '2020-10-25 01:02:06'
                      );
insert into i2(b, d, f, h) values ('2020-10-25 01:02:03',
'2020-10-25 01:02:04',
'2020-10-25 01:02:05',
'2020-10-25 01:02:06'
                                  );
insert into st1 select * from i1;
insert into st2 select * from i2;
select * from st1;
a	b	c	d	e	f	g	h
a	2020-10-25 01:02:03	bcd	2020-10-25 01:02:04	cde	2020-10-25 01:02:05	def	2020-10-25 01:02:06
select * from st2;
a	b	c	d	e	f	g	h
NULL	2020-10-25 01:02:03	NULL	2020-10-25 01:02:04	NULL	2020-10-25 01:02:05	NULL	2020-10-25 01:02:06
create table st3 like st1;
insert into st3 values ('1', '2020-10-25 01:02:04',
_utf8mb4 0xc2b9c2b2c2b3e281b4e281b5e281b6e281b7e281b8e281b9e281b0, '2020-10-25 01:02:05',
'abc', '2020-10-25 01:02:06',
'cde', '2020-10-25 01:02:07');
insert into st3 values ('1', '2020-10-25 01:02:05',
_utf8mb4 0xc2b9c2b2c2b3e281b4e281b5e281b6e281b7e281b8e281b9e281b0c2b9, '2020-10-25 01:02:06',
'abc', '2020-10-25 01:02:07',
'cde', '2020-10-25 01:02:08');
ERROR 22001: Data too long for column 'c' at row 1
insert ignore into st3 values ('12', '2020-10-25 01:02:06',
_utf8mb4 0xc2b9c2b2c2b3e281b4e281b5e281b6e281b7e281b8e281b9e281b0c2b9, '2020-10-25 01:02:07',
'abc', '2020-10-25 01:02:08',
'cde', '2020-10-25 01:02:09');
insert into st3 values (_utf8mb4 0xF09F988E, '2020-10-25 01:02:07',
'1234567890', '2020-10-25 01:02:08',
'abc', '2020-10-25 01:02:09',
'cde', '2020-10-25 01:02:10');
ERROR HY000: Incorrect string value: '\xF0\x9F\x98\x8E' for column 'a' at row 1
select * from st3;
a	b	c	d	e	f	g	h
1	2020-10-25 01:02:04	¹²³⁴⁵⁶⁷⁸⁹⁰	2020-10-25 01:02:05	abc	2020-10-25 01:02:06	cde	2020-10-25 01:02:07
1	2020-10-25 01:02:06	¹²³⁴⁵⁶⁷⁸⁹⁰	2020-10-25 01:02:07	abc	2020-10-25 01:02:08	cde	2020-10-25 01:02:09
select column_name, data_type, character_maximum_length, character_octet_length from information_schema.columns where table_schema='different_charsets_a_test' and table_name='st3';
column_name	data_type	character_maximum_length	character_octet_length
a	varchar	1	3
b	datetime	NULL	NULL
c	varchar	10	30
d	datetime	NULL	NULL
e	varchar	240	720
f	datetime	NULL	NULL
g	varchar	2000	6000
h	datetime	NULL	NULL
drop table if exists st1;
drop table if exists st2;
drop table if exists st3;
drop table if exists i1;
drop table if exists i2;
create table st1 (a varchar(1) NOT NULL, b datetime NOT NULL,
c varchar(10) NOT NULL, d datetime NOT NULL,
e varchar(240) NOT NULL, f datetime NOT NULL,
g varchar(2000) NOT NULL, h datetime NOT NULL
) default character set utf8mb4;
create table st2 (a varchar(1), b datetime NOT NULL,
c varchar(10), d datetime NOT NULL,
e varchar(240), f datetime NOT NULL,
g varchar(2000), h datetime NOT NULL
) default character set utf8mb4;
create table i1 (a varchar(1) NOT NULL, b datetime NOT NULL,
c varchar(10) NOT NULL, d datetime NOT NULL,
e varchar(240) NOT NULL, f datetime NOT NULL,
g varchar(2000) NOT NULL, h datetime NOT NULL
) default character set utf8mb4;
create table i2 (a varchar(1), b datetime NOT NULL,
c varchar(10), d datetime NOT NULL,
e varchar(240), f datetime NOT NULL,
g varchar(2000), h datetime NOT NULL
) default character set utf8mb4;
insert into i1 values ('a', '2020-10-25 01:02:03',
'bcd', '2020-10-25 01:02:04',
'cde', '2020-10-25 01:02:05',
'def', '2020-10-25 01:02:06'
                      );
insert into i2(b, d, f, h) values ('2020-10-25 01:02:03',
'2020-10-25 01:02:04',
'2020-10-25 01:02:05',
'2020-10-25 01:02:06'
                                  );
insert into st1 select * from i1;
insert into st2 select * from i2;
select * from st1;
a	b	c	d	e	f	g	h
a	2020-10-25 01:02:03	bcd	2020-10-25 01:02:04	cde	2020-10-25 01:02:05	def	2020-10-25 01:02:06
select * from st2;
a	b	c	d	e	f	g	h
NULL	2020-10-25 01:02:03	NULL	2020-10-25 01:02:04	NULL	2020-10-25 01:02:05	NULL	2020-10-25 01:02:06
create table st3 like st1;
insert into st3 values ('1', '2020-10-25 01:02:04',
_utf8mb4 0xc2b9c2b2c2b3e281b4e281b5e281b6e281b7e281b8e281b9e281b0, '2020-10-25 01:02:05',
'abc', '2020-10-25 01:02:06',
'cde', '2020-10-25 01:02:07');
insert into st3 values ('1', '2020-10-25 01:02:05',
_utf8mb4 0xc2b9c2b2c2b3e281b4e281b5e281b6e281b7e281b8e281b9e281b0c2b9, '2020-10-25 01:02:06',
'abc', '2020-10-25 01:02:07',
'cde', '2020-10-25 01:02:08');
ERROR 22001: Data too long for column 'c' at row 1
insert ignore into st3 values ('12', '2020-10-25 01:02:06',
_utf8mb4 0xc2b9c2b2c2b3e281b4e281b5e281b6e281b7e281b8e281b9e281b0c2b9, '2020-10-25 01:02:07',
'abc', '2020-10-25 01:02:08',
'cde', '2020-10-25 01:02:09');
insert into st3 values (_utf8mb4 0xF09F988E, '2020-10-25 01:02:07',
'1234567890', '2020-10-25 01:02:08',
'abc', '2020-10-25 01:02:09',
'cde', '2020-10-25 01:02:10');
select * from st3;
a	b	c	d	e	f	g	h
1	2020-10-25 01:02:04	¹²³⁴⁵⁶⁷⁸⁹⁰	2020-10-25 01:02:05	abc	2020-10-25 01:02:06	cde	2020-10-25 01:02:07
1	2020-10-25 01:02:06	¹²³⁴⁵⁶⁷⁸⁹⁰	2020-10-25 01:02:07	abc	2020-10-25 01:02:08	cde	2020-10-25 01:02:09
?	2020-10-25 01:02:07	1234567890	2020-10-25 01:02:08	abc	2020-10-25 01:02:09	cde	2020-10-25 01:02:10
select column_name, data_type, character_maximum_length, character_octet_length from information_schema.columns where table_schema='different_charsets_a_test' and table_name='st3';
column_name	data_type	character_maximum_length	character_octet_length
a	varchar	1	4
b	datetime	NULL	NULL
c	varchar	10	40
d	datetime	NULL	NULL
e	varchar	240	960
f	datetime	NULL	NULL
g	varchar	2000	8000
h	datetime	NULL	NULL
drop table if exists st1;
drop table if exists st2;
drop table if exists st3;
drop table if exists i1;
drop table if exists i2;
create table st1 (a char(1) NOT NULL, b datetime NOT NULL,
c char(10) NOT NULL, d datetime NOT NULL,
e char(240) NOT NULL, f datetime NOT NULL,
g char(255) NOT NULL, h datetime NOT NULL
);
create table st2 (a char(1), b datetime NOT NULL,
c char(10), d datetime NOT NULL,
e char(240), f datetime NOT NULL,
g char(255), h datetime NOT NULL
);
create table i1 (a char(1) NOT NULL, b datetime NOT NULL,
c char(10) NOT NULL, d datetime NOT NULL,
e char(240) NOT NULL, f datetime NOT NULL,
g char(255) NOT NULL, h datetime NOT NULL
);
create table i2 (a char(1), b datetime NOT NULL,
c char(10), d datetime NOT NULL,
e char(240), f datetime NOT NULL,
g char(255), h datetime NOT NULL
);
insert into i1 values ('a', '2020-10-25 01:02:03',
'bcd', '2020-10-25 01:02:04',
'cde', '2020-10-25 01:02:05',
'def', '2020-10-25 01:02:06'
                      );
insert into i2(b, d, f, h) values ('2020-10-25 01:02:03',
'2020-10-25 01:02:04',
'2020-10-25 01:02:05',
'2020-10-25 01:02:06'
                                  );
insert into st1 select * from i1;
insert into st2 select * from i2;
select * from st1;
a	b	c	d	e	f	g	h
a	2020-10-25 01:02:03	bcd	2020-10-25 01:02:04	cde	2020-10-25 01:02:05	def	2020-10-25 01:02:06
select * from st2;
a	b	c	d	e	f	g	h
NULL	2020-10-25 01:02:03	NULL	2020-10-25 01:02:04	NULL	2020-10-25 01:02:05	NULL	2020-10-25 01:02:06
create table st3 like st1;
insert into st3 values ('1', '2020-10-25 01:02:04',
'1234567890', '2020-10-25 01:02:05',
'abc', '2020-10-25 01:02:06',
'cde', '2020-10-25 01:02:07');
insert into st3 values ('1', '2020-10-25 01:02:05',
'12345678901', '2020-10-25 01:02:06',
'abc', '2020-10-25 01:02:07',
'cde', '2020-10-25 01:02:08');
ERROR 22001: Data too long for column 'c' at row 1
insert ignore into st3 values ('12', '2020-10-25 01:02:06',
'12345678901', '2020-10-25 01:02:07',
'abc', '2020-10-25 01:02:08',
'cde', '2020-10-25 01:02:09');
insert into st3 values (_utf8mb4 0xF09F988E, '2020-10-25 01:02:07',
'1234567890', '2020-10-25 01:02:08',
'abc', '2020-10-25 01:02:09',
'cde', '2020-10-25 01:02:10');
select * from st3;
a	b	c	d	e	f	g	h
1	2020-10-25 01:02:04	1234567890	2020-10-25 01:02:05	abc	2020-10-25 01:02:06	cde	2020-10-25 01:02:07
1	2020-10-25 01:02:06	1234567890	2020-10-25 01:02:07	abc	2020-10-25 01:02:08	cde	2020-10-25 01:02:09
?	2020-10-25 01:02:07	1234567890	2020-10-25 01:02:08	abc	2020-10-25 01:02:09	cde	2020-10-25 01:02:10
select column_name, data_type, character_maximum_length, character_octet_length from information_schema.columns where table_schema='different_charsets_a_test' and table_name='st3';
column_name	data_type	character_maximum_length	character_octet_length
a	char	1	4
b	datetime	NULL	NULL
c	char	10	40
d	datetime	NULL	NULL
e	char	240	960
f	datetime	NULL	NULL
g	char	255	1020
h	datetime	NULL	NULL
drop table st1;
drop table st2;
drop table st3;
drop table i1;
drop table i2;
drop database different_charsets_a_test;
