#
# Test string type
#
DROP DATABASE IF EXISTS type_string_test;
CREATE DATABASE type_string_test;
use type_string_test;
CREATE TABLE t1
(
l_returnflag char(1) CHARACTER SET latin1 COLLATE latin1_bin,
l_shipinstruct char(25) CHARACTER SET latin1 COLLATE latin1_bin,
l_comment varchar(44) CHARACTER SET latin1 COLLATE latin1_bin
);
create procedure insert_emp()
begin
declare i int default 0;
declare max_num int default 100;
repeat
set i = i+1;
insert into t1 values('a','aaaa','AAAA');
insert into t1 values('A','a','aaaa');
until i=max_num
end repeat;
end $$
SELECT count(*) FROM t1 WHERE l_comment < l_shipinstruct;
count(*)
0
SELECT count(*) FROM t1 WHERE l_comment <= l_shipinstruct;
count(*)
0
SELECT count(*) FROM t1 WHERE l_comment >= l_shipinstruct;
count(*)
0
SELECT count(*) FROM t1 WHERE l_comment > l_shipinstruct;
count(*)
0
SELECT count(*) FROM t1 WHERE l_shipinstruct < l_comment;
count(*)
0
SELECT count(*) FROM t1 WHERE l_shipinstruct <= l_comment;
count(*)
0
SELECT count(*) FROM t1 WHERE l_shipinstruct >= l_comment;
count(*)
0
SELECT count(*) FROM t1 WHERE l_shipinstruct > l_comment;
count(*)
0
DROP TABLE t1;
SELECT POSITION('4' IN '1234567890') = '4' AS "4";
4
1
SELECT POSITION('5' IN '1234567890') = '5' AS "5";
5
1
SELECT 'hawkeye' LIKE 'h%' AS "true";
true
1
SELECT 'hawkeye' NOT LIKE 'h%' AS "false";
false
0
SELECT 'hawkeye' LIKE 'H%' AS "false";
false
1
SELECT 'hawkeye' NOT LIKE 'H%' AS "true";
true
0
SELECT 'hawkeye' LIKE 'indio%' AS "false";
false
0
SELECT 'hawkeye' NOT LIKE 'indio%' AS "true";
true
1
SELECT 'hawkeye' LIKE 'h%eye' AS "true";
true
1
SELECT 'hawkeye' NOT LIKE 'h%eye' AS "false";
false
0
SELECT 'indio' LIKE '_ndio' AS "true";
true
1
SELECT 'indio' NOT LIKE '_ndio' AS "false";
false
0
SELECT 'indio' LIKE 'in__o' AS "true";
true
1
SELECT 'indio' NOT LIKE 'in__o' AS "false";
false
0
SELECT 'indio' LIKE 'in_o' AS "false";
false
0
SELECT 'indio' NOT LIKE 'in_o' AS "true";
true
1
SELECT 'hawkeye' LIKE 'h%' ESCAPE '#' AS "true";
true
1
SELECT 'hawkeye' NOT LIKE 'h%' ESCAPE '#' AS "false";
false
0
SELECT 'indio' LIKE 'ind_o' ESCAPE '$' AS "true";
true
1
SELECT 'indio' NOT LIKE 'ind_o' ESCAPE '$' AS "false";
false
0
SELECT 'h%' LIKE 'h#%' ESCAPE '#' AS "true";
true
1
SELECT 'h%' NOT LIKE 'h#%' ESCAPE '#' AS "false";
false
0
SELECT 'h%wkeye' LIKE 'h#%' ESCAPE '#' AS "false";
false
0
SELECT 'h%wkeye' NOT LIKE 'h#%' ESCAPE '#' AS "true";
true
1
SELECT 'h%wkeye' LIKE 'h#%%' ESCAPE '#' AS "true";
true
1
SELECT 'h%wkeye' NOT LIKE 'h#%%' ESCAPE '#' AS "false";
false
0
SELECT 'h%awkeye' LIKE 'h#%a%k%e' ESCAPE '#' AS "true";
true
1
SELECT 'h%awkeye' NOT LIKE 'h#%a%k%e' ESCAPE '#' AS "false";
false
0
SELECT 'indio' LIKE '_ndio' ESCAPE '$' AS "true";
true
1
SELECT 'indio' NOT LIKE '_ndio' ESCAPE '$' AS "false";
false
0
SELECT 'i_dio' LIKE 'i$_d_o' ESCAPE '$' AS "true";
true
1
SELECT 'i_dio' NOT LIKE 'i$_d_o' ESCAPE '$' AS "false";
false
0
SELECT 'i_dio' LIKE 'i$_nd_o' ESCAPE '$' AS "false";
false
0
SELECT 'i_dio' NOT LIKE 'i$_nd_o' ESCAPE '$' AS "true";
true
1
SELECT 'i_dio' LIKE 'i$_d%o' ESCAPE '$' AS "true";
true
1
SELECT 'i_dio' NOT LIKE 'i$_d%o' ESCAPE '$' AS "false";
false
0
SELECT 'maca' LIKE 'm%aca' ESCAPE '%' AS "true";
true
1
SELECT 'maca' NOT LIKE 'm%aca' ESCAPE '%' AS "false";
false
0
SELECT 'ma%a' LIKE 'm%a%%a' ESCAPE '%' AS "true";
true
1
SELECT 'ma%a' NOT LIKE 'm%a%%a' ESCAPE '%' AS "false";
false
0
SELECT 'bear' LIKE 'b_ear' ESCAPE '_' AS "true";
true
0
SELECT 'bear' NOT LIKE 'b_ear' ESCAPE '_' AS "false";
false
1
SELECT 'be_r' LIKE 'b_e__r' ESCAPE '_' AS "true";
true
0
SELECT 'be_r' NOT LIKE 'b_e__r' ESCAPE '_' AS "false";
false
1
SELECT 'be_r' LIKE '__e__r' ESCAPE '_' AS "false";
false
0
SELECT 'be_r' NOT LIKE '__e__r' ESCAPE '_' AS "true";
true
1
DROP DATABASE type_string_test;
