#
# Test TRUNCATE TABLE in various possible scenarios.
#
DROP DATABASE IF EXISTS truncate_table;
CREATE DATABASE truncate_table;
USE truncate_table;
CREATE TABLE t1 (a INTEGER, b INT,c1 CHAR(10)) ENGINE=tianmu;
INSERT INTO t1 (a) VALUES (1),(2);
TRUNCATE TABLE t1;
SELECT COUNT(*) FROM t1;
COUNT(*)
0
INSERT INTO t1 VALUES (1, 2, "test");
SELECT COUNT(*) FROM t1;
COUNT(*)
1
TRUNCATE truncate_table.t1;
DROP TABLE IF EXISTS non_existing_table;
Warnings:
Note	1051	Unknown table 'truncate_table.non_existing_table'
TRUNCATE non_existing_table;
ERROR 42S02: Table 'truncate_table.non_existing_table' doesn't exist
DROP TABLE t1;
DROP TABLE IF EXISTS t2;
Warnings:
Note	1051	Unknown table 'truncate_table.t2'
CREATE TABLE t1 (id INT) ENGINE=INNODB;
CREATE TABLE t2 (id INT) ENGINE=tianmu;
TRUNCATE t1, t2;
ERROR 42000: You have an error in your SQL syntax; check the manual that corresponds to your MySQL server version for the right syntax to use near ' t2' at line 1
TRUNCATE t1;
TRUNCATE t2;
DROP TABLE t1;
DROP TABLE t2;
CREATE TABLE t1 (id INT) ENGINE=tianmu;
INSERT INTO t1 (id) VALUES (1), (2), (3), (4), (5);
CREATE VIEW v1 AS SELECT * FROM t1;
TRUNCATE v1;
ERROR 42S02: Table 'truncate_table.v1' doesn't exist
SELECT * FROM v1;
id
1
2
3
4
5
TRUNCATE v1;
ERROR 42S02: Table 'truncate_table.v1' doesn't exist
SELECT * FROM v1;
id
1
2
3
4
5
CREATE PROCEDURE p1() SET @a = 5;
TRUNCATE p1;
ERROR 42S02: Table 'truncate_table.p1' doesn't exist
DROP TABLE t1;
CREATE TABLE t1 AS SELECT 1 AS f1;
TRUNCATE t1;
DROP TABLE t1;
DROP TABLE IF EXISTS t1;
Warnings:
Note	1051	Unknown table 'truncate_table.t1'
CREATE TABLE t1 (id INT) ENGINE=tianmu;
INSERT INTO t1 (id) VALUES (1), (2), (3), (4), (5);
CREATE TABLE t2 LIKE t1;
INSERT INTO t2 SELECT * FROM t1;
TRUNCATE truncate_table.t1;
TRUNCATE truncate_table.t1;
TRUNCATE truncate_table.t1;
USE truncate_table;
TRUNCATE t2;
USE truncate_table;
SELECT count(*) FROM t1;
count(*)
0
SELECT count(*) FROM t2;
count(*)
0
DROP DATABASE truncate_table;
