#
# Test with a saved MyISAM table from 4.1
#
# Everything _looks_ fine
SHOW CREATE TABLE t1;
Table	Create Table
t1	CREATE TABLE `t1` (
  `y2` year(2) DEFAULT NULL,
  `i` int(11) DEFAULT NULL,
  `i_chk` int(11) DEFAULT NULL,
  `y4` year(4) DEFAULT NULL,
  `y4_chk` year(4) DEFAULT NULL
) ENGINE=MyISAM DEFAULT CHARSET=latin1
select * from t1;
y2	i	i_chk	y4	y4_chk
01	1901	1	1901	1901
01	1	1	2001	2001
70	1970	70	1970	1970
70	70	70	1970	1970
00	2000	0	2000	2000
00	0	0	0000	0000
69	2069	69	2069	2069
69	69	69	2069	2069
55	2155	55	2155	2155
55	55	55	2055	2055
drop table t1;
SHOW CREATE TABLE column_type_test;
Table	Create Table
column_type_test	CREATE TABLE `column_type_test` (
  `c_tinyint` tinyint(4) DEFAULT NULL COMMENT 'tinyint',
  `c_smallint` smallint(6) DEFAULT NULL COMMENT 'smallint',
  `c_mediumint` mediumint(9) DEFAULT NULL COMMENT 'mediumint',
  `c_int` int(11) DEFAULT NULL COMMENT 'int',
  `c_bigint` bigint(20) DEFAULT NULL COMMENT 'bigint',
  `c_float` float DEFAULT NULL COMMENT 'float',
  `c_double` double DEFAULT NULL COMMENT 'double',
  `c_decimal` decimal(10,5) DEFAULT NULL COMMENT 'decimal',
  `c_date` date DEFAULT NULL COMMENT 'date',
  `c_datetime` datetime DEFAULT NULL COMMENT 'datetime',
  `c_timestamp` timestamp NULL DEFAULT NULL COMMENT 'timestamp',
  `c_time` time DEFAULT NULL COMMENT 'time',
  `c_char` char(10) DEFAULT NULL COMMENT 'char',
  `c_varchar` varchar(10) DEFAULT NULL COMMENT 'varchar',
  `c_blob` blob COMMENT 'blob',
  `c_text` text COMMENT 'text',
  `c_longblob` longblob COMMENT 'longblob'
) ENGINE=STONEDB DEFAULT CHARSET=utf8
alter table column_type_test  drop column c_longblob;
insert into column_type_test(c_tinyint,c_smallint,c_mediumint,c_bigint,c_float,c_double,c_decimal,c_datetime,c_timestamp,c_time,c_char,c_varchar,c_text)
values(105,105,105,105,5.2,10.88,105.083,'2016-02-25 10:20:01','2016-02-25 05:20:01','10:20:01','stoneatom','hello','bcdefghijklmn');
insert into column_type_test(c_tinyint,c_smallint,c_mediumint,c_bigint,c_float,c_double,c_decimal,c_datetime,c_timestamp,c_time,c_char,c_varchar,c_text)
values(106,106,106,106,5.2,10.88,106.083,'2016-02-25 10:20:01','2016-02-25 05:20:01','10:20:01','stoneatom','hello','bcdefghijklmn');
insert into column_type_test(c_tinyint,c_smallint,c_mediumint,c_bigint,c_float,c_double,c_decimal,c_datetime,c_timestamp,c_time,c_char,c_varchar,c_text)
values(107,107,107,107,5.2,10.88,107.083,'2016-02-25 10:20:01','2016-02-25 05:20:01','10:20:01','stoneatom','hello','bcdefghijklmn');
insert into column_type_test(c_tinyint,c_smallint,c_mediumint,c_bigint,c_float,c_double,c_decimal,c_datetime,c_timestamp,c_time,c_char,c_varchar,c_text)
values(108,108,108,108,5.2,10.88,108.083,'2016-02-25 10:20:01','2016-02-25 05:20:01','10:20:01','stoneatom','hello','bcdefghijklmn');
select * from column_type_test;
c_tinyint	c_smallint	c_mediumint	c_int	c_bigint	c_float	c_double	c_decimal	c_date	c_datetime	c_timestamp	c_time	c_char	c_varchar	c_blob	c_text
100	100	100	100	100	5.2	10.88	100.08300	2016-02-25	2016-02-25 10:20:01	2007-05-23 21:59:13	10:20:01	stoneatom	hello	NULL	bcdefghijklmn
101	101	101	101	101	5.2	10.88	101.08300	2016-02-25	2016-02-25 10:20:01	2056-03-28 05:56:01	10:20:01	stoneatom	hello	NULL	bcdefghijklmn
102	102	102	102	102	5.2	10.88	102.08300	2016-02-25	2016-02-25 10:20:01	2004-08-12 19:19:13	10:20:01	stoneatom	hello	NULL	bcdefghijklmn
103	103	103	103	103	5.2	10.88	103.08300	2016-02-25	2016-02-25 10:20:01	2091-12-26 15:19:13	10:20:01	stoneatom	hello	NULL	bcdefghijklmn
104	104	104	104	104	5.2	10.88	104.08300	2016-02-25	2016-02-25 10:20:01	2065-05-04 07:40:33	10:20:01	stoneatom	hello	NULL	bcdefghijklmn
105	105	105	NULL	105	5.2	10.88	105.08300	NULL	2016-02-25 10:20:01	2016-02-25 05:20:01	10:20:01	stoneatom	hello	NULL	bcdefghijklmn
106	106	106	NULL	106	5.2	10.88	106.08300	NULL	2016-02-25 10:20:01	2016-02-25 05:20:01	10:20:01	stoneatom	hello	NULL	bcdefghijklmn
107	107	107	NULL	107	5.2	10.88	107.08300	NULL	2016-02-25 10:20:01	2016-02-25 05:20:01	10:20:01	stoneatom	hello	NULL	bcdefghijklmn
108	108	108	NULL	108	5.2	10.88	108.08300	NULL	2016-02-25 10:20:01	2016-02-25 05:20:01	10:20:01	stoneatom	hello	NULL	bcdefghijklmn
drop table column_type_test;
