---
id: comparison-operators
sidebar_position: 6.33
---

# 比较运算符

StoneDB的比较运算符有如下。

| **比较运算符** | **作用** |
| --- | --- |
| `=` | 等于 |
| `>` | 大于 |
| `<` | 小于 |
| `>=` | 大于等于 |
| `<=` | 小于等于 |
| `!=`,`<>` | 不等于 |
| `<=>` | 严格比较两个值（包含NULL值的情形）是否相等 |
| `between and` | 在两个值之间 |
| `in` | 在集合中 |
| `not in` | 不在集合中 |
| `like` | 模糊匹配 |
| `regexp` | 正则表达式 |
| `is null` | 为空 |
| `is not null` | 不为空 |

```sql
> select 2=3;
+-----+
| 2=3 |
+-----+
|   0 |
+-----+
1 row in set (0.00 sec)

> select 2>3;
+-----+
| 2>3 |
+-----+
|   0 |
+-----+
1 row in set (0.00 sec)

> select 2<3;
+-----+
| 2<3 |
+-----+
|   1 |
+-----+
1 row in set (0.00 sec)

> select 2>=3;
+------+
| 2>=3 |
+------+
|    0 |
+------+
1 row in set (0.00 sec)

> select 2<=3;
+------+
| 2<=3 |
+------+
|    1 |
+------+
1 row in set (0.00 sec)

> select 2<>3;
+------+
| 2<>3 |
+------+
|    1 |
+------+
1 row in set (0.00 sec)

> select 2<=>3;
+-------+
| 2<=>3 |
+-------+
|     0 |
+-------+
1 row in set (0.01 sec)

> select 5 between 1 and 10;
+--------------------+
| 5 between 1 and 10 |
+--------------------+
|                  1 |
+--------------------+
1 row in set (0.00 sec)

> select 5 in (1,2,3,4,5);
+------------------+
| 5 in (1,2,3,4,5) |
+------------------+
|                1 |
+------------------+
1 row in set (0.00 sec)

> select 5 not in (1,2,3,4,5);
+----------------------+
| 5 not in (1,2,3,4,5) |
+----------------------+
|                    0 |
+----------------------+
1 row in set (0.00 sec)

> select '12345' like '12%';
+--------------------+
| '12345' like '12%' |
+--------------------+
|                  1 |
+--------------------+
1 row in set (0.00 sec)

> select 'beijing' REGEXP 'jing';
+-------------------------+
| 'beijing' REGEXP 'jing' |
+-------------------------+
|                       1 |
+-------------------------+
1 row in set (0.00 sec)

> select 'beijing' REGEXP 'xi';
+-----------------------+
| 'beijing' REGEXP 'xi' |
+-----------------------+
|                     0 |
+-----------------------+
1 row in set (0.00 sec)

> select 'a' is NULL;
+-------------+
| 'a' is NULL |
+-------------+
|           0 |
+-------------+
1 row in set (0.00 sec)

> select 'a' IS NOT NULL;
+-----------------+
| 'a' IS NOT NULL |
+-----------------+
|               1 |
+-----------------+
1 row in set (0.00 sec)

```
